func_name,invoke_time_ms
onnx-roberta-2,2116
torch_rnn-0,3882
onnx-roberta-3,4340
torch_rnn-4,5512
squeezenet-2,5902
squeezenet-0,6527
onnx-roberta-1,6535
torch_rnn-2,6674
cupy-4,6763
pyhpc-isoneural-3,7340
cupy-2,7880
onnx-roberta-4,8057
onnx-roberta-3,8612
pyhpc-isoneural-3,9037
pyhpc-isoneural-0,9075
torch_rnn-4,9117
pyhpc-isoneural-3,10916
onnx-roberta-2,11128
onnx-roberta-0,11211
pyhpc-isoneural-4,11566
pyhpc-eos-0,11581
pyhpc-eos-2,12557
onnx-roberta-1,12957
pyhpc-isoneural-1,13536
pyhpc-eos-0,13700
squeezenet-4,16719
squeezenet-1,18207
onnx-roberta-4,18319
pyhpc-isoneural-3,18543
torch_rnn-4,18545
torch_rnn-1,20591
pyhpc-eos-4,22669
pyhpc-eos-1,22833
pyhpc-eos-4,23468
cupy-2,24008
pyhpc-isoneural-3,24429
squeezenet-2,25465
onnx-roberta-4,26753
pyhpc-eos-3,27695
squeezenet-1,28120
pyhpc-isoneural-0,28752
squeezenet-4,29468
torch_rnn-1,29962
onnx-roberta-3,31572
pyhpc-isoneural-1,32815
pyhpc-eos-2,32823
squeezenet-1,32996
onnx-roberta-4,34503
squeezenet-0,34585
torch_rnn-4,34608
torch_rnn-4,35330
torch_rnn-1,35408
cupy-4,36008
pyhpc-eos-2,37072
pyhpc-eos-3,37805
cupy-1,39051
squeezenet-0,39170
squeezenet-4,39533
torch_rnn-4,39920
cupy-4,39965
pyhpc-isoneural-3,40230
onnx-roberta-1,43417
pyhpc-isoneural-0,44089
onnx-roberta-2,46338
pyhpc-eos-1,47488
onnx-roberta-0,47844
pyhpc-isoneural-0,47864
squeezenet-1,48040
onnx-roberta-2,48622
squeezenet-4,48745
cupy-1,48978
cupy-1,49711
cupy-1,49899
cupy-1,50234
torch_rnn-4,50496
onnx-roberta-3,50860
onnx-roberta-0,51538
cupy-4,52052
pyhpc-eos-2,52446
onnx-roberta-4,52670
pyhpc-isoneural-3,52747
pyhpc-eos-0,53431
cupy-1,53916
pyhpc-isoneural-2,55401
torch_rnn-2,56128
onnx-roberta-1,56634
cupy-0,56638
onnx-roberta-4,57188
onnx-roberta-3,58180
pyhpc-eos-0,58934
onnx-roberta-4,59978
onnx-roberta-2,60639
squeezenet-4,60834
pyhpc-isoneural-1,60978
pyhpc-eos-1,61433
pyhpc-eos-1,61494
pyhpc-isoneural-2,62316
squeezenet-1,62788
onnx-roberta-4,63915
pyhpc-eos-4,64599
onnx-roberta-4,65382
squeezenet-1,66549
onnx-roberta-3,66623
onnx-roberta-4,66816
cupy-0,66995
pyhpc-eos-4,67676
onnx-roberta-1,67841
pyhpc-eos-0,68088
squeezenet-0,68991
onnx-roberta-4,69066
onnx-roberta-3,70911
cupy-0,71045
torch_rnn-3,71584
squeezenet-0,71591
onnx-roberta-0,71851
onnx-roberta-0,73012
onnx-roberta-2,73763
cupy-2,73939
squeezenet-4,73989
squeezenet-1,74493
onnx-roberta-0,74661
squeezenet-1,74731
squeezenet-1,75803
torch_rnn-4,78471
onnx-roberta-0,78708
cupy-4,80821
pyhpc-eos-2,81171
squeezenet-2,82658
pyhpc-isoneural-0,82899
onnx-roberta-2,84982
pyhpc-isoneural-1,85411
squeezenet-4,86161
squeezenet-0,86395
squeezenet-1,87314
pyhpc-isoneural-1,88292
pyhpc-isoneural-0,88471
onnx-roberta-1,89355
cupy-1,90036
pyhpc-eos-2,90182
cupy-0,90578
cupy-2,91080
onnx-roberta-1,91628
pyhpc-isoneural-1,92994
squeezenet-1,95557
pyhpc-eos-2,96576
squeezenet-2,96595
pyhpc-eos-3,96851
squeezenet-1,97800
cupy-4,98259
pyhpc-eos-0,98591
cupy-2,101125
pyhpc-eos-4,101878
cupy-4,102265
pyhpc-isoneural-3,102408
pyhpc-isoneural-3,102572
torch_rnn-0,102977
onnx-roberta-2,103634
squeezenet-1,105901
onnx-roberta-0,106863
onnx-roberta-4,107022
torch_rnn-0,108555
pyhpc-eos-4,109649
cupy-4,109694
squeezenet-0,111844
onnx-roberta-2,112598
torch_rnn-3,112906
pyhpc-isoneural-0,114736
pyhpc-eos-3,116242
cupy-0,117145
pyhpc-isoneural-0,118037
pyhpc-eos-0,118388
cupy-0,119005
torch_rnn-1,120180
cupy-4,121117
pyhpc-isoneural-1,121234
cupy-1,122982
squeezenet-4,123099
pyhpc-eos-4,125836
pyhpc-isoneural-2,126261
onnx-roberta-3,126307
cupy-2,126644
cupy-0,127243
pyhpc-eos-1,127343
onnx-roberta-4,128009
cupy-0,128047
torch_rnn-4,129583
pyhpc-eos-3,130016
pyhpc-eos-3,130314
onnx-roberta-0,131207
onnx-roberta-1,131247
cupy-2,131659
onnx-roberta-2,132790
cupy-0,132881
squeezenet-1,132889
pyhpc-isoneural-2,134255
squeezenet-1,134773
cupy-0,136650
torch_rnn-4,136672
pyhpc-isoneural-1,136694
onnx-roberta-2,136939
torch_rnn-3,137906
onnx-roberta-1,138500
onnx-roberta-0,139027
onnx-roberta-3,139174
pyhpc-eos-1,142064
pyhpc-eos-3,142353
squeezenet-0,142374
onnx-roberta-4,142606
onnx-roberta-3,144072
pyhpc-eos-1,145846
pyhpc-eos-3,146078
squeezenet-2,148033
cupy-1,148491
squeezenet-1,148929
torch_rnn-3,149460
onnx-roberta-1,149885
pyhpc-isoneural-0,151340
pyhpc-isoneural-2,151651
pyhpc-isoneural-2,152099
onnx-roberta-3,152679
pyhpc-isoneural-0,153052
squeezenet-4,153317
torch_rnn-4,153847
onnx-roberta-2,153851
pyhpc-eos-2,154228
onnx-roberta-0,155016
pyhpc-eos-0,155504
pyhpc-isoneural-1,156112
squeezenet-1,156358
torch_rnn-4,156739
squeezenet-2,157114
squeezenet-4,157284
pyhpc-isoneural-0,158486
pyhpc-eos-4,159952
pyhpc-eos-0,160138
onnx-roberta-0,160264
onnx-roberta-1,160344
cupy-4,160714
pyhpc-isoneural-1,160757
onnx-roberta-0,161246
torch_rnn-1,162143
onnx-roberta-4,162772
squeezenet-2,163025
torch_rnn-0,163098
pyhpc-eos-1,164846
torch_rnn-2,165138
squeezenet-2,165334
squeezenet-0,165834
pyhpc-isoneural-3,165986
cupy-2,166202
pyhpc-eos-3,166889
cupy-2,167692
pyhpc-isoneural-4,167764
pyhpc-eos-2,167849
cupy-1,168120
torch_rnn-1,168231
onnx-roberta-1,169499
cupy-2,169728
squeezenet-2,169920
cupy-1,170286
squeezenet-1,172647
pyhpc-eos-1,172680
pyhpc-isoneural-3,172801
squeezenet-2,173733
pyhpc-eos-0,173797
cupy-4,174156
onnx-roberta-4,175496
onnx-roberta-4,177210
onnx-roberta-1,178115
onnx-roberta-1,178156
cupy-1,178617
torch_rnn-1,179050
onnx-roberta-2,179945
squeezenet-4,180999
squeezenet-1,182136
onnx-roberta-2,182171
squeezenet-0,182510
pyhpc-eos-2,183054
pyhpc-isoneural-0,183621
torch_rnn-3,183778
cupy-1,185056
squeezenet-0,185734
onnx-roberta-0,187253
pyhpc-isoneural-4,187587
squeezenet-0,190715
squeezenet-2,191651
squeezenet-1,191715
cupy-1,193614
pyhpc-eos-4,193736
torch_rnn-4,193761
torch_rnn-4,195065
pyhpc-eos-2,195450
squeezenet-1,195688
onnx-roberta-0,196624
onnx-roberta-0,197346
cupy-4,198423
squeezenet-2,199693
pyhpc-eos-2,199772
pyhpc-isoneural-1,199841
pyhpc-eos-0,201200
onnx-roberta-3,202098
pyhpc-eos-3,202424
squeezenet-0,202616
torch_rnn-3,203189
pyhpc-isoneural-0,203341
pyhpc-isoneural-1,203469
torch_rnn-3,203898
onnx-roberta-0,205178
pyhpc-eos-1,206289
squeezenet-1,206849
pyhpc-eos-1,208913
onnx-roberta-2,209479
pyhpc-eos-1,209807
onnx-roberta-1,211082
onnx-roberta-3,211320
pyhpc-eos-4,212195
squeezenet-2,212227
torch_rnn-0,214152
cupy-0,214536
pyhpc-isoneural-3,215633
onnx-roberta-0,216405
cupy-2,217223
cupy-0,217229
onnx-roberta-2,220923
cupy-1,221099
torch_rnn-3,221151
onnx-roberta-3,221441
squeezenet-1,222227
pyhpc-eos-1,222396
pyhpc-isoneural-4,222397
cupy-4,222994
pyhpc-eos-1,224556
onnx-roberta-0,224560
cupy-4,224711
cupy-4,225897
cupy-4,228074
squeezenet-1,229945
onnx-roberta-1,231637
onnx-roberta-4,231683
squeezenet-2,233005
squeezenet-2,233161
squeezenet-1,233679
pyhpc-isoneural-3,233782
onnx-roberta-2,234812
cupy-4,235478
squeezenet-1,236626
squeezenet-1,236983
torch_rnn-4,238589
squeezenet-0,238699
pyhpc-eos-3,239551
pyhpc-isoneural-0,240086
pyhpc-eos-0,240278
cupy-0,240661
pyhpc-isoneural-3,240876
cupy-0,241145
onnx-roberta-1,241516
pyhpc-isoneural-1,241881
pyhpc-isoneural-2,242080
pyhpc-isoneural-0,243138
onnx-roberta-3,243486
pyhpc-isoneural-3,244639
cupy-4,245989
pyhpc-isoneural-0,246645
onnx-roberta-1,246991
onnx-roberta-3,247572
torch_rnn-3,247574
squeezenet-4,247668
pyhpc-isoneural-3,248090
torch_rnn-1,249411
torch_rnn-4,249861
onnx-roberta-1,249994
pyhpc-eos-3,250718
pyhpc-isoneural-0,255282
pyhpc-eos-3,255294
torch_rnn-1,255420
squeezenet-0,256165
cupy-2,258386
onnx-roberta-1,258501
pyhpc-eos-2,259614
pyhpc-isoneural-3,259662
pyhpc-isoneural-2,259710
pyhpc-isoneural-2,259788
torch_rnn-4,260726
onnx-roberta-2,261689
cupy-1,261864
pyhpc-isoneural-3,261980
pyhpc-eos-3,262378
pyhpc-eos-0,262528
cupy-1,262529
torch_rnn-3,263716
squeezenet-4,264132
pyhpc-eos-1,265485
pyhpc-eos-1,265634
pyhpc-isoneural-0,267290
torch_rnn-4,267351
pyhpc-eos-4,269527
onnx-roberta-3,270469
pyhpc-isoneural-4,271645
torch_rnn-4,273317
squeezenet-1,273675
squeezenet-4,273925
cupy-1,277860
squeezenet-4,277953
pyhpc-isoneural-1,278000
cupy-0,278791
onnx-roberta-4,280599
pyhpc-eos-0,281272
squeezenet-0,281550
cupy-4,282186
cupy-4,282902
pyhpc-isoneural-2,283010
onnx-roberta-2,283727
onnx-roberta-0,283859
squeezenet-1,285118
onnx-roberta-3,285127
onnx-roberta-4,285677
torch_rnn-0,286098
onnx-roberta-4,286530
pyhpc-eos-1,287336
pyhpc-eos-0,289335
pyhpc-eos-1,290669
onnx-roberta-1,291795
onnx-roberta-1,292147
pyhpc-isoneural-2,292423
squeezenet-0,292999
onnx-roberta-1,293076
torch_rnn-1,293901
torch_rnn-3,295343
pyhpc-isoneural-3,295393
pyhpc-eos-0,296496
pyhpc-eos-3,297328
pyhpc-isoneural-2,297579
onnx-roberta-3,298744
pyhpc-eos-3,299188
torch_rnn-3,299307
pyhpc-eos-0,300194
pyhpc-eos-3,300548
onnx-roberta-2,300963
onnx-roberta-1,301155
pyhpc-eos-3,301763
cupy-4,302767
pyhpc-isoneural-4,302854
onnx-roberta-3,303050
pyhpc-isoneural-1,304064
pyhpc-eos-0,304212
onnx-roberta-0,305291
pyhpc-isoneural-3,305517
onnx-roberta-1,306006
cupy-1,306762
pyhpc-isoneural-3,307395
pyhpc-isoneural-3,308091
pyhpc-isoneural-0,310590
squeezenet-2,310708
onnx-roberta-3,312181
onnx-roberta-1,312240
torch_rnn-4,315213
onnx-roberta-2,315513
cupy-1,315553
cupy-4,316868
pyhpc-eos-1,316966
pyhpc-isoneural-0,317947
torch_rnn-3,318403
pyhpc-eos-3,318549
onnx-roberta-0,320354
squeezenet-2,323086
pyhpc-eos-1,323817
pyhpc-eos-3,324025
onnx-roberta-3,324161
pyhpc-eos-3,324587
squeezenet-0,324751
torch_rnn-2,325398
squeezenet-4,326098
torch_rnn-4,326412
pyhpc-isoneural-1,326932
squeezenet-2,327538
pyhpc-isoneural-4,328176
squeezenet-1,328788
pyhpc-eos-4,331267
cupy-0,331623
torch_rnn-0,332346
pyhpc-eos-2,332868
pyhpc-eos-2,333563
onnx-roberta-0,334531
pyhpc-eos-4,334761
onnx-roberta-2,336000
onnx-roberta-1,336057
onnx-roberta-2,336633
cupy-1,336840
pyhpc-eos-3,338218
pyhpc-eos-1,338317
onnx-roberta-1,338698
cupy-1,339053
onnx-roberta-3,339241
squeezenet-4,340108
squeezenet-4,340793
cupy-0,342986
onnx-roberta-4,343192
torch_rnn-0,343840
onnx-roberta-0,344041
torch_rnn-0,344669
onnx-roberta-4,344784
torch_rnn-1,344937
onnx-roberta-0,345202
onnx-roberta-3,345462
squeezenet-4,346225
pyhpc-eos-1,348042
pyhpc-isoneural-3,348109
pyhpc-isoneural-3,351178
squeezenet-2,351854
pyhpc-eos-3,352201
pyhpc-isoneural-3,352402
pyhpc-isoneural-2,354583
cupy-4,354965
onnx-roberta-3,355387
torch_rnn-3,355709
pyhpc-eos-1,355810
pyhpc-isoneural-1,358302
squeezenet-1,359260
pyhpc-eos-1,359510
squeezenet-0,359826
pyhpc-eos-1,360225
pyhpc-eos-2,360600
pyhpc-eos-1,360659
pyhpc-isoneural-3,361004
pyhpc-eos-3,361997
pyhpc-isoneural-0,362330
pyhpc-eos-1,362457
cupy-1,363300
onnx-roberta-1,363839
pyhpc-eos-2,364432
onnx-roberta-1,365979
cupy-2,368094
pyhpc-eos-1,368800
squeezenet-4,370119
cupy-1,373181
onnx-roberta-3,373720
onnx-roberta-4,373835
squeezenet-2,374213
onnx-roberta-3,374319
torch_rnn-4,374898
pyhpc-isoneural-3,375163
pyhpc-eos-2,376677
onnx-roberta-4,376999
pyhpc-eos-0,377557
torch_rnn-3,377854
pyhpc-eos-0,378795
cupy-0,378885
onnx-roberta-3,379799
torch_rnn-4,380629
pyhpc-eos-3,381292
torch_rnn-3,381508
squeezenet-4,381791
pyhpc-eos-2,384096
onnx-roberta-4,384419
cupy-4,384535
pyhpc-eos-3,385893
squeezenet-4,385932
cupy-0,386623
pyhpc-eos-0,391025
pyhpc-eos-3,392776
cupy-1,393655
onnx-roberta-3,393862
pyhpc-eos-0,394160
torch_rnn-4,394274
torch_rnn-0,394839
squeezenet-4,395576
onnx-roberta-2,395696
pyhpc-eos-3,395774
pyhpc-isoneural-3,397445
pyhpc-eos-2,398521
pyhpc-isoneural-0,399297
pyhpc-isoneural-0,400866
onnx-roberta-2,402332
pyhpc-eos-0,403774
cupy-2,403796
onnx-roberta-1,404700
cupy-0,404702
onnx-roberta-3,404888
pyhpc-isoneural-3,405866
torch_rnn-3,406380
pyhpc-isoneural-3,407234
pyhpc-isoneural-3,407745
torch_rnn-4,409075
cupy-4,409374
pyhpc-eos-3,410023
onnx-roberta-0,410675
onnx-roberta-3,411735
pyhpc-eos-4,411951
pyhpc-isoneural-1,412970
pyhpc-eos-4,413359
cupy-4,413551
cupy-2,414240
pyhpc-eos-1,415044
squeezenet-1,415100
cupy-4,416235
torch_rnn-4,416558
cupy-4,418153
pyhpc-eos-2,418559
squeezenet-4,419563
onnx-roberta-0,422443
onnx-roberta-3,422854
squeezenet-0,423602
torch_rnn-4,423602
onnx-roberta-2,425711
cupy-1,425831
pyhpc-isoneural-0,426893
onnx-roberta-1,428199
onnx-roberta-2,429708
cupy-4,430019
squeezenet-1,431995
onnx-roberta-3,432173
pyhpc-eos-3,432249
cupy-1,432286
pyhpc-isoneural-1,432923
pyhpc-isoneural-1,433046
cupy-1,433075
pyhpc-eos-3,433457
squeezenet-2,433679
pyhpc-eos-3,433860
squeezenet-1,435592
pyhpc-eos-1,435915
pyhpc-eos-0,435982
squeezenet-1,436210
torch_rnn-4,437265
cupy-4,438057
torch_rnn-1,440489
torch_rnn-4,440532
onnx-roberta-3,443392
pyhpc-isoneural-1,443653
squeezenet-1,444032
pyhpc-eos-1,444139
squeezenet-2,444353
pyhpc-isoneural-1,444700
cupy-4,444781
torch_rnn-1,444930
cupy-1,445386
pyhpc-eos-2,446480
onnx-roberta-2,448622
onnx-roberta-1,448679
cupy-4,448829
torch_rnn-0,448860
squeezenet-4,449440
torch_rnn-4,449930
onnx-roberta-1,450502
squeezenet-4,452728
cupy-2,452836
cupy-2,453271
torch_rnn-4,453281
pyhpc-isoneural-3,453551
torch_rnn-0,453958
pyhpc-eos-0,454174
cupy-2,455589
squeezenet-2,455791
cupy-2,455960
cupy-1,456700
pyhpc-eos-2,456827
pyhpc-isoneural-3,457005
squeezenet-2,457093
pyhpc-eos-3,458336
cupy-0,459062
onnx-roberta-4,459449
onnx-roberta-0,460799
cupy-1,460831
onnx-roberta-4,461007
pyhpc-isoneural-3,461158
pyhpc-eos-3,461268
pyhpc-isoneural-1,462013
cupy-1,462319
onnx-roberta-0,462556
pyhpc-eos-3,462756
cupy-4,463476
pyhpc-eos-2,463745
squeezenet-2,464163
pyhpc-isoneural-3,465846
pyhpc-eos-0,467699
onnx-roberta-0,468196
onnx-roberta-4,468412
squeezenet-1,469081
onnx-roberta-1,469384
onnx-roberta-3,469668
cupy-0,469932
onnx-roberta-2,470928
onnx-roberta-1,473534
pyhpc-eos-3,473535
pyhpc-eos-4,474718
pyhpc-isoneural-2,475655
cupy-1,477158
pyhpc-eos-3,478137
squeezenet-1,479187
squeezenet-2,479836
cupy-4,481056
pyhpc-isoneural-1,481435
squeezenet-2,482591
onnx-roberta-2,483519
pyhpc-isoneural-4,485868
torch_rnn-3,486448
cupy-1,487003
onnx-roberta-2,487682
squeezenet-1,487910
pyhpc-eos-1,488500
onnx-roberta-1,488560
torch_rnn-2,489023
onnx-roberta-1,489526
cupy-4,489834
pyhpc-isoneural-0,489926
pyhpc-eos-3,490623
pyhpc-isoneural-3,490713
squeezenet-1,490825
squeezenet-1,491367
squeezenet-2,492555
pyhpc-isoneural-1,494011
cupy-2,495195
pyhpc-eos-3,495227
squeezenet-2,495398
torch_rnn-1,497208
cupy-2,499164
pyhpc-eos-3,500252
squeezenet-0,500548
torch_rnn-1,500632
squeezenet-2,501465
cupy-2,502218
squeezenet-1,502246
onnx-roberta-0,503014
squeezenet-4,503254
onnx-roberta-3,504768
onnx-roberta-2,505901
cupy-1,506394
cupy-2,506521
squeezenet-2,506555
torch_rnn-0,507236
onnx-roberta-3,507360
onnx-roberta-4,507676
pyhpc-eos-1,509164
cupy-0,511168
onnx-roberta-4,513383
squeezenet-1,513416
pyhpc-isoneural-3,513751
pyhpc-eos-2,513880
pyhpc-eos-0,513993
cupy-2,515178
torch_rnn-3,515744
pyhpc-eos-0,516629
squeezenet-4,517502
onnx-roberta-2,518101
cupy-0,518754
cupy-2,518872
pyhpc-eos-1,519653
squeezenet-2,519672
torch_rnn-0,521478
pyhpc-isoneural-0,522638
pyhpc-eos-3,523234
cupy-0,523770
squeezenet-2,523789
squeezenet-2,524632
pyhpc-isoneural-3,525290
onnx-roberta-0,525779
torch_rnn-3,526745
pyhpc-eos-3,526935
onnx-roberta-3,527494
cupy-0,527536
onnx-roberta-3,528266
pyhpc-eos-0,528564
pyhpc-eos-2,529267
squeezenet-0,529297
onnx-roberta-1,530075
cupy-0,530530
onnx-roberta-2,530568
squeezenet-0,531303
squeezenet-2,531707
onnx-roberta-0,533507
pyhpc-isoneural-0,533813
pyhpc-eos-3,533927
pyhpc-eos-2,534064
squeezenet-0,534357
pyhpc-isoneural-2,534800
torch_rnn-3,537190
cupy-0,538682
squeezenet-1,539751
cupy-4,540747
squeezenet-1,541887
onnx-roberta-3,542102
squeezenet-2,542410
pyhpc-isoneural-0,543071
pyhpc-eos-0,544114
pyhpc-eos-4,545113
squeezenet-2,545785
onnx-roberta-1,546113
pyhpc-eos-2,547109
cupy-4,547334
cupy-1,549290
pyhpc-isoneural-0,549397
onnx-roberta-3,550216
pyhpc-eos-3,550431
pyhpc-isoneural-1,552148
pyhpc-eos-3,553018
pyhpc-eos-3,553299
pyhpc-eos-0,553526
onnx-roberta-1,553669
onnx-roberta-1,555695
onnx-roberta-3,557317
pyhpc-eos-1,557947
squeezenet-2,558895
torch_rnn-4,559144
onnx-roberta-1,559407
onnx-roberta-3,560955
cupy-2,562425
onnx-roberta-4,563271
pyhpc-eos-1,564764
pyhpc-isoneural-3,564799
pyhpc-eos-2,565358
cupy-4,565647
pyhpc-eos-4,566270
cupy-2,566942
onnx-roberta-3,567346
cupy-4,567962
pyhpc-eos-1,568201
squeezenet-1,568445
pyhpc-eos-3,568481
squeezenet-2,569010
cupy-1,569314
pyhpc-eos-4,570835
cupy-4,571023
torch_rnn-0,571394
onnx-roberta-1,573793
pyhpc-isoneural-0,574323
torch_rnn-1,574609
pyhpc-eos-1,574623
onnx-roberta-1,575201
pyhpc-eos-0,576007
onnx-roberta-4,576232
squeezenet-0,576330
pyhpc-eos-4,577032
squeezenet-4,577519
torch_rnn-3,577689
onnx-roberta-4,579569
onnx-roberta-1,580077
pyhpc-isoneural-3,580693
torch_rnn-1,581423
squeezenet-1,583240
onnx-roberta-1,584331
pyhpc-isoneural-2,585905
cupy-1,586154
cupy-0,586634
pyhpc-eos-4,586817
onnx-roberta-4,587016
pyhpc-isoneural-3,587761
squeezenet-2,588225
squeezenet-1,588487
onnx-roberta-1,589012
pyhpc-isoneural-4,589180
squeezenet-1,589389
pyhpc-isoneural-3,589454
pyhpc-isoneural-1,592708
onnx-roberta-2,592747
onnx-roberta-4,593336
torch_rnn-0,593518
pyhpc-eos-0,594950
squeezenet-2,595105
squeezenet-4,595609
torch_rnn-4,596455
torch_rnn-4,597583
cupy-0,597720
onnx-roberta-1,598140
pyhpc-eos-0,598177
cupy-0,598270
squeezenet-2,598726
pyhpc-eos-2,599226
onnx-roberta-4,599347
pyhpc-eos-0,600266
squeezenet-1,601477
onnx-roberta-1,601586
cupy-2,604231
pyhpc-isoneural-2,606620
pyhpc-eos-2,606820
cupy-4,607005
pyhpc-isoneural-0,607270
pyhpc-isoneural-1,609456
onnx-roberta-0,609546
pyhpc-isoneural-1,610183
pyhpc-eos-1,610634
torch_rnn-3,610823
onnx-roberta-4,610929
cupy-1,611530
pyhpc-eos-3,611552
onnx-roberta-3,613234
onnx-roberta-1,613937
onnx-roberta-1,614237
pyhpc-eos-2,614363
cupy-2,614879
pyhpc-eos-0,615549
pyhpc-isoneural-3,617852
torch_rnn-0,617999
pyhpc-eos-2,619013
squeezenet-0,619992
torch_rnn-4,620118
torch_rnn-3,620406
onnx-roberta-0,620792
cupy-2,621013
torch_rnn-2,621090
pyhpc-eos-2,621264
pyhpc-eos-3,621564
cupy-2,621766
torch_rnn-4,624039
onnx-roberta-4,624760
cupy-1,624785
pyhpc-isoneural-0,625418
squeezenet-1,625776
pyhpc-eos-4,626326
pyhpc-isoneural-0,626611
squeezenet-1,626621
pyhpc-eos-1,627139
pyhpc-isoneural-1,627499
torch_rnn-4,627520
torch_rnn-4,627527
torch_rnn-4,627542
torch_rnn-3,628266
onnx-roberta-0,628734
pyhpc-eos-4,629076
onnx-roberta-2,629861
pyhpc-eos-2,630162
torch_rnn-4,632442
pyhpc-isoneural-3,632509
onnx-roberta-4,635476
onnx-roberta-2,636021
torch_rnn-4,636724
cupy-0,637891
torch_rnn-4,637924
squeezenet-2,640082
squeezenet-1,640906
pyhpc-isoneural-1,642055
onnx-roberta-3,642397
squeezenet-4,643342
torch_rnn-2,643376
onnx-roberta-3,643652
torch_rnn-1,644984
pyhpc-eos-3,645341
cupy-1,645595
onnx-roberta-0,645803
onnx-roberta-4,647497
onnx-roberta-2,647975
torch_rnn-1,648698
squeezenet-2,650738
squeezenet-4,651409
onnx-roberta-1,651515
cupy-1,651979
cupy-1,652848
onnx-roberta-3,653111
torch_rnn-1,653383
squeezenet-0,653961
pyhpc-isoneural-3,654465
onnx-roberta-1,654922
pyhpc-eos-2,654969
pyhpc-isoneural-1,655123
pyhpc-isoneural-0,655350
squeezenet-2,655564
pyhpc-eos-4,655589
onnx-roberta-3,655636
torch_rnn-1,656349
onnx-roberta-4,657216
pyhpc-isoneural-1,657326
pyhpc-eos-0,657525
cupy-0,657554
onnx-roberta-2,657750
pyhpc-eos-4,658339
cupy-4,658988
squeezenet-2,659664
pyhpc-isoneural-1,660042
torch_rnn-3,660646
cupy-4,661909
squeezenet-2,662172
squeezenet-1,663559
pyhpc-eos-2,664419
torch_rnn-4,664871
torch_rnn-1,665166
cupy-1,665667
cupy-1,665980
cupy-0,666068
pyhpc-eos-2,668323
onnx-roberta-3,668933
pyhpc-isoneural-1,669124
cupy-2,669433
pyhpc-isoneural-1,671034
cupy-0,671892
cupy-4,671934
pyhpc-eos-4,672122
cupy-2,672571
torch_rnn-4,672726
onnx-roberta-1,672856
pyhpc-eos-1,673039
pyhpc-eos-0,674545
onnx-roberta-3,676598
pyhpc-isoneural-1,676663
pyhpc-isoneural-1,676792
torch_rnn-0,676885
onnx-roberta-3,677203
onnx-roberta-1,677655
onnx-roberta-2,677859
squeezenet-1,678301
torch_rnn-4,678509
pyhpc-eos-3,678868
onnx-roberta-1,680149
cupy-2,680603
pyhpc-isoneural-0,680657
onnx-roberta-3,680789
torch_rnn-3,682754
pyhpc-eos-0,683942
cupy-0,684359
cupy-0,684663
torch_rnn-3,684980
squeezenet-1,685889
onnx-roberta-1,686070
onnx-roberta-4,686134
torch_rnn-4,686437
squeezenet-1,686448
pyhpc-isoneural-2,686835
pyhpc-isoneural-1,689399
pyhpc-isoneural-3,690109
torch_rnn-0,690534
onnx-roberta-1,691330
pyhpc-isoneural-0,691728
onnx-roberta-1,694813
squeezenet-0,694851
pyhpc-eos-2,695368
onnx-roberta-0,695599
pyhpc-eos-2,696741
onnx-roberta-3,696986
onnx-roberta-4,697180
squeezenet-0,697371
cupy-4,697616
pyhpc-eos-0,697831
cupy-4,698755
onnx-roberta-2,700155
pyhpc-isoneural-3,700763
onnx-roberta-3,701696
pyhpc-isoneural-3,701895
onnx-roberta-2,702372
onnx-roberta-2,702631
pyhpc-eos-2,703694
pyhpc-isoneural-1,703760
squeezenet-0,704762
pyhpc-eos-1,706719
pyhpc-eos-0,706951
pyhpc-eos-1,707278
onnx-roberta-3,707703
squeezenet-1,708873
pyhpc-eos-0,709134
onnx-roberta-3,709527
squeezenet-1,711221
pyhpc-eos-2,711535
onnx-roberta-2,711865
cupy-2,712285
torch_rnn-3,712732
squeezenet-2,713118
cupy-1,713336
pyhpc-eos-1,713590
torch_rnn-1,713609
cupy-0,713684
onnx-roberta-1,715107
onnx-roberta-1,715803
pyhpc-eos-0,716526
pyhpc-isoneural-3,716754
pyhpc-eos-1,716932
onnx-roberta-2,717192
cupy-1,718262
squeezenet-4,718627
pyhpc-isoneural-0,718652
pyhpc-isoneural-1,719596
onnx-roberta-3,719908
torch_rnn-4,721887
onnx-roberta-1,723180
pyhpc-isoneural-1,723370
pyhpc-isoneural-3,724198
onnx-roberta-3,724332
pyhpc-isoneural-1,725539
torch_rnn-1,726806
squeezenet-2,727147
pyhpc-eos-0,728892
onnx-roberta-2,730553
pyhpc-eos-2,731357
pyhpc-isoneural-1,731878
onnx-roberta-0,732394
torch_rnn-3,732694
onnx-roberta-2,733090
onnx-roberta-4,733192
onnx-roberta-3,733943
cupy-4,734541
cupy-0,736451
pyhpc-isoneural-1,736967
pyhpc-isoneural-0,737992
onnx-roberta-2,738391
onnx-roberta-1,738696
squeezenet-1,739785
squeezenet-0,740616
onnx-roberta-3,741016
onnx-roberta-2,743214
pyhpc-eos-1,744280
cupy-1,744481
squeezenet-0,745098
cupy-4,745947
pyhpc-isoneural-4,749371
onnx-roberta-0,750031
squeezenet-1,750826
onnx-roberta-2,751560
onnx-roberta-4,751969
pyhpc-eos-0,752136
torch_rnn-4,752260
pyhpc-eos-0,754644
cupy-0,755902
pyhpc-isoneural-3,756000
pyhpc-isoneural-1,756890
pyhpc-eos-3,759737
pyhpc-isoneural-1,759921
cupy-1,760522
onnx-roberta-1,760644
squeezenet-0,761183
pyhpc-eos-0,761525
squeezenet-2,761794
squeezenet-0,761962
pyhpc-eos-1,762462
onnx-roberta-2,762944
pyhpc-eos-0,763168
pyhpc-eos-4,763231
pyhpc-eos-2,763951
squeezenet-1,764066
cupy-1,764261
pyhpc-isoneural-0,765586
pyhpc-eos-2,765798
torch_rnn-4,766074
pyhpc-eos-4,766155
pyhpc-isoneural-1,767256
onnx-roberta-2,768334
cupy-2,769261
onnx-roberta-0,771693
onnx-roberta-3,772542
onnx-roberta-2,774086
onnx-roberta-1,774347
pyhpc-eos-2,774711
pyhpc-eos-1,775085
squeezenet-2,775270
cupy-1,775476
squeezenet-0,775795
onnx-roberta-2,775849
pyhpc-eos-4,776785
cupy-0,777247
pyhpc-isoneural-3,777498
cupy-2,778642
torch_rnn-1,779116
cupy-2,779680
pyhpc-eos-4,780417
pyhpc-isoneural-3,780613
pyhpc-isoneural-3,780850
pyhpc-eos-3,780936
pyhpc-eos-2,781616
pyhpc-eos-0,781694
pyhpc-isoneural-3,783663
pyhpc-eos-3,784645
pyhpc-eos-3,785605
onnx-roberta-0,789025
pyhpc-isoneural-0,789105
onnx-roberta-0,789466
pyhpc-eos-1,790188
pyhpc-isoneural-0,791076
torch_rnn-1,792101
squeezenet-4,792167
onnx-roberta-2,792734
onnx-roberta-4,793386
pyhpc-eos-1,793615
onnx-roberta-2,794206
pyhpc-eos-3,795403
squeezenet-0,796205
squeezenet-1,796400
pyhpc-eos-2,796866
cupy-0,796911
squeezenet-1,797241
squeezenet-1,797551
pyhpc-eos-2,798077
onnx-roberta-0,798155
pyhpc-eos-3,799251
onnx-roberta-4,799421
onnx-roberta-1,799934
pyhpc-eos-0,800513
squeezenet-0,801497
pyhpc-eos-3,801714
pyhpc-isoneural-3,802171
pyhpc-eos-4,802172
torch_rnn-4,802243
onnx-roberta-3,802334
onnx-roberta-2,802423
cupy-0,804091
onnx-roberta-2,804638
squeezenet-0,804965
pyhpc-isoneural-3,805149
onnx-roberta-1,805293
pyhpc-eos-3,805471
onnx-roberta-2,806024
pyhpc-isoneural-1,806501
pyhpc-isoneural-3,808479
cupy-4,808625
torch_rnn-1,809306
onnx-roberta-3,809768
squeezenet-0,810039
squeezenet-1,810491
pyhpc-eos-1,810863
cupy-0,811982
onnx-roberta-1,813564
pyhpc-isoneural-3,813862
onnx-roberta-1,815378
onnx-roberta-1,815835
pyhpc-eos-3,816867
pyhpc-eos-1,816954
onnx-roberta-1,817674
cupy-0,819024
pyhpc-isoneural-2,820231
pyhpc-isoneural-3,820647
pyhpc-eos-0,820876
cupy-0,823415
torch_rnn-3,823820
pyhpc-eos-1,824480
squeezenet-1,825787
pyhpc-eos-0,826329
onnx-roberta-1,832270
onnx-roberta-2,833722
pyhpc-isoneural-0,833896
squeezenet-1,834820
pyhpc-eos-0,836700
onnx-roberta-4,837224
cupy-2,837734
cupy-0,838285
torch_rnn-0,838292
squeezenet-1,838312
torch_rnn-1,839893
onnx-roberta-1,839982
pyhpc-eos-4,840263
pyhpc-eos-3,840458
onnx-roberta-3,841517
squeezenet-2,841711
pyhpc-isoneural-1,841912
pyhpc-eos-3,842152
pyhpc-eos-2,842386
pyhpc-eos-0,843555
onnx-roberta-1,845140
torch_rnn-0,845316
pyhpc-eos-0,845873
onnx-roberta-3,846073
torch_rnn-3,847489
pyhpc-eos-2,850363
onnx-roberta-3,850365
pyhpc-eos-2,851161
torch_rnn-3,852273
pyhpc-isoneural-0,852289
squeezenet-1,852515
torch_rnn-1,853203
torch_rnn-1,853636
pyhpc-isoneural-1,853702
pyhpc-isoneural-1,854460
pyhpc-isoneural-3,854649
pyhpc-isoneural-3,855285
pyhpc-eos-4,855295
onnx-roberta-4,855794
cupy-2,856160
pyhpc-eos-2,856287
squeezenet-2,857264
squeezenet-4,857566
pyhpc-isoneural-1,858261
onnx-roberta-4,858673
cupy-0,858756
cupy-4,859180
cupy-0,861079
squeezenet-4,861405
cupy-0,861868
onnx-roberta-2,862123
onnx-roberta-2,862292
pyhpc-eos-0,863419
pyhpc-eos-2,863718
pyhpc-eos-3,864992
pyhpc-isoneural-3,865873
pyhpc-isoneural-1,868582
squeezenet-2,869388
cupy-1,870424
torch_rnn-2,871195
onnx-roberta-2,871754
torch_rnn-1,873355
pyhpc-eos-0,873957
pyhpc-isoneural-1,874195
onnx-roberta-4,874379
pyhpc-eos-2,874406
squeezenet-1,875837
squeezenet-1,877366
pyhpc-eos-4,877563
onnx-roberta-1,879033
pyhpc-eos-1,880018
onnx-roberta-0,880506
cupy-1,880988
squeezenet-1,881149
cupy-0,881239
torch_rnn-3,882295
torch_rnn-0,883938
cupy-0,884891
torch_rnn-2,884959
cupy-0,885439
cupy-0,885872
pyhpc-eos-4,886144
pyhpc-eos-3,886258
pyhpc-eos-3,886835
onnx-roberta-4,887021
onnx-roberta-0,888747
onnx-roberta-1,889719
pyhpc-isoneural-3,890083
pyhpc-eos-2,890286
cupy-4,890650
squeezenet-2,890763
cupy-0,891171
onnx-roberta-1,893203
onnx-roberta-4,893389
onnx-roberta-1,893888
pyhpc-isoneural-2,894218
torch_rnn-1,894430
cupy-2,895052
torch_rnn-3,895511
cupy-2,896291
onnx-roberta-2,896595
pyhpc-isoneural-1,897057
cupy-4,897861
pyhpc-eos-4,898278
pyhpc-eos-0,898451
pyhpc-isoneural-1,898698
onnx-roberta-0,899544
onnx-roberta-4,899585
squeezenet-1,901019
pyhpc-eos-1,901576
cupy-1,902418
pyhpc-eos-1,903038
pyhpc-isoneural-0,903289
onnx-roberta-4,903474
squeezenet-2,903579
pyhpc-eos-3,903767
squeezenet-1,904139
onnx-roberta-0,904404
onnx-roberta-0,905871
pyhpc-eos-0,907247
pyhpc-isoneural-3,908094
cupy-0,908562
cupy-0,908599
cupy-2,909050
cupy-4,909089
onnx-roberta-1,910706
pyhpc-eos-2,912691
torch_rnn-4,912816
onnx-roberta-4,913496
squeezenet-1,913591
onnx-roberta-0,913911
squeezenet-0,914145
onnx-roberta-4,914715
squeezenet-0,915210
onnx-roberta-0,915285
torch_rnn-1,915311
torch_rnn-4,917119
torch_rnn-4,917861
squeezenet-2,918205
onnx-roberta-3,918497
torch_rnn-4,918517
pyhpc-eos-2,918857
onnx-roberta-2,919166
cupy-2,919851
torch_rnn-1,920382
pyhpc-eos-1,920604
torch_rnn-4,920777
squeezenet-1,922148
torch_rnn-3,922169
pyhpc-eos-4,922333
torch_rnn-4,922631
cupy-1,923158
cupy-0,923779
cupy-0,924612
pyhpc-eos-3,925082
squeezenet-0,925666
onnx-roberta-0,926053
cupy-2,927239
squeezenet-0,927523
torch_rnn-3,927905
onnx-roberta-0,928127
onnx-roberta-0,930126
onnx-roberta-4,931964
pyhpc-eos-4,932592
squeezenet-1,933915
pyhpc-eos-4,935475
onnx-roberta-3,936314
pyhpc-eos-3,936464
pyhpc-eos-0,936543
pyhpc-isoneural-1,936789
pyhpc-isoneural-1,937463
pyhpc-eos-0,937797
torch_rnn-1,937853
onnx-roberta-4,938435
pyhpc-isoneural-0,938713
pyhpc-isoneural-1,939678
squeezenet-2,941272
squeezenet-2,941993
onnx-roberta-0,942211
onnx-roberta-4,942759
pyhpc-eos-1,943565
squeezenet-2,943755
pyhpc-eos-4,944686
cupy-4,945187
squeezenet-4,945664
cupy-1,946159
squeezenet-2,948663
onnx-roberta-1,948854
squeezenet-1,950423
pyhpc-eos-3,952475
squeezenet-1,953063
pyhpc-eos-3,953747
torch_rnn-3,954133
onnx-roberta-1,954253
pyhpc-eos-3,954436
cupy-0,954652
cupy-0,955089
torch_rnn-2,955101
onnx-roberta-3,955538
pyhpc-eos-4,956144
pyhpc-eos-2,956405
pyhpc-isoneural-4,956891
onnx-roberta-0,958294
cupy-4,958404
torch_rnn-3,959791
squeezenet-0,960103
squeezenet-2,960127
pyhpc-eos-1,960461
squeezenet-2,960953
pyhpc-eos-2,964988
pyhpc-isoneural-1,965440
torch_rnn-0,965513
squeezenet-2,966177
cupy-2,966423
onnx-roberta-0,967173
cupy-1,967176
squeezenet-0,967397
pyhpc-eos-2,968143
onnx-roberta-4,968582
onnx-roberta-3,968601
onnx-roberta-0,968677
pyhpc-eos-0,969235
pyhpc-isoneural-1,971663
pyhpc-eos-2,971833
pyhpc-isoneural-1,971843
pyhpc-isoneural-2,971856
pyhpc-eos-2,973917
onnx-roberta-0,976905
squeezenet-1,977093
onnx-roberta-4,977692
pyhpc-eos-0,977791
torch_rnn-1,977901
pyhpc-isoneural-3,977984
pyhpc-isoneural-0,978806
pyhpc-eos-1,979081
cupy-4,981099
pyhpc-eos-0,982062
onnx-roberta-2,982245
cupy-1,982891
squeezenet-0,982939
pyhpc-isoneural-1,985939
onnx-roberta-1,986846
squeezenet-2,987022
cupy-0,987034
squeezenet-2,988799
pyhpc-eos-2,989036
pyhpc-eos-3,990410
onnx-roberta-0,992163
pyhpc-eos-3,992268
squeezenet-2,992631
pyhpc-eos-1,992929
cupy-0,993199
cupy-0,994809
pyhpc-isoneural-1,995854
pyhpc-eos-0,997552
pyhpc-eos-4,997662
pyhpc-isoneural-1,998224
pyhpc-eos-1,998354
onnx-roberta-3,998391
onnx-roberta-0,998993
onnx-roberta-0,999715
pyhpc-eos-3,999978
pyhpc-eos-2,1000496
pyhpc-eos-3,1000984
cupy-4,1001743
pyhpc-eos-0,1002056
cupy-2,1002676
torch_rnn-1,1002986
cupy-2,1003127
onnx-roberta-0,1003805
squeezenet-1,1003899
squeezenet-1,1004435
onnx-roberta-0,1005526
pyhpc-isoneural-3,1005563
torch_rnn-4,1006664
onnx-roberta-2,1007129
onnx-roberta-0,1007155
pyhpc-isoneural-0,1007541
onnx-roberta-1,1008183
cupy-4,1008355
torch_rnn-4,1009724
onnx-roberta-3,1009789
pyhpc-isoneural-1,1009837
pyhpc-eos-1,1010215
torch_rnn-2,1010759
cupy-4,1010910
onnx-roberta-4,1010980
pyhpc-eos-2,1011153
torch_rnn-4,1012146
onnx-roberta-1,1013475
squeezenet-4,1014705
pyhpc-isoneural-3,1015231
pyhpc-eos-4,1016954
pyhpc-eos-0,1017441
cupy-4,1019602
cupy-2,1019709
torch_rnn-4,1019863
pyhpc-eos-0,1019924
onnx-roberta-1,1020477
torch_rnn-4,1020581
torch_rnn-4,1020618
cupy-1,1021041
onnx-roberta-1,1021524
cupy-2,1021562
cupy-1,1021746
cupy-0,1022778
pyhpc-isoneural-0,1024146
pyhpc-isoneural-0,1024443
cupy-4,1024812
pyhpc-eos-3,1026053
pyhpc-isoneural-3,1026263
cupy-2,1027631
onnx-roberta-4,1028325
cupy-4,1029274
onnx-roberta-2,1030958
pyhpc-isoneural-0,1032049
onnx-roberta-4,1033271
onnx-roberta-1,1033725
cupy-1,1033817
cupy-1,1034180
pyhpc-isoneural-1,1034236
squeezenet-0,1034843
torch_rnn-4,1034996
onnx-roberta-0,1035170
pyhpc-isoneural-3,1036322
pyhpc-eos-1,1036329
pyhpc-eos-3,1036776
cupy-1,1036898
onnx-roberta-2,1037315
onnx-roberta-1,1037740
pyhpc-isoneural-3,1037786
squeezenet-0,1038731
pyhpc-eos-1,1039197
onnx-roberta-0,1039657
squeezenet-2,1040225
onnx-roberta-1,1041101
pyhpc-eos-1,1043323
cupy-2,1046699
pyhpc-eos-3,1046722
pyhpc-eos-4,1047021
pyhpc-isoneural-0,1047089
pyhpc-eos-4,1047354
torch_rnn-0,1047543
pyhpc-eos-0,1049186
pyhpc-isoneural-3,1049207
pyhpc-eos-3,1050011
pyhpc-eos-1,1050048
pyhpc-eos-4,1051012
pyhpc-eos-4,1051371
pyhpc-isoneural-0,1051541
onnx-roberta-2,1051832
cupy-0,1051938
pyhpc-eos-4,1052255
squeezenet-2,1054777
onnx-roberta-1,1054878
torch_rnn-0,1055739
onnx-roberta-0,1057425
onnx-roberta-3,1057562
cupy-1,1057949
pyhpc-isoneural-0,1058476
pyhpc-eos-3,1059492
torch_rnn-4,1059598
torch_rnn-3,1059605
onnx-roberta-3,1060416
onnx-roberta-1,1061561
pyhpc-eos-4,1061720
cupy-0,1062114
onnx-roberta-4,1062274
pyhpc-isoneural-2,1062609
squeezenet-1,1063641
pyhpc-eos-4,1064869
cupy-4,1065591
pyhpc-eos-2,1065847
torch_rnn-3,1066346
squeezenet-1,1067139
squeezenet-4,1068095
pyhpc-isoneural-2,1069027
pyhpc-isoneural-3,1069417
onnx-roberta-3,1070401
pyhpc-isoneural-3,1070818
onnx-roberta-3,1070929
pyhpc-eos-0,1071093
pyhpc-isoneural-3,1071381
torch_rnn-0,1072067
cupy-2,1073306
squeezenet-2,1073427
onnx-roberta-1,1074270
pyhpc-isoneural-0,1075798
pyhpc-eos-1,1076391
onnx-roberta-2,1076573
torch_rnn-1,1077181
torch_rnn-0,1078107
pyhpc-eos-0,1078254
cupy-0,1078935
pyhpc-eos-1,1079294
cupy-4,1079296
torch_rnn-0,1079720
pyhpc-isoneural-1,1080419
cupy-2,1080733
pyhpc-isoneural-2,1082277
cupy-0,1082518
onnx-roberta-1,1083087
pyhpc-isoneural-1,1084066
pyhpc-eos-3,1085198
onnx-roberta-2,1085784
cupy-2,1087307
pyhpc-isoneural-3,1087670
pyhpc-eos-3,1087733
torch_rnn-1,1088886
onnx-roberta-2,1089257
cupy-0,1089259
onnx-roberta-1,1091075
pyhpc-isoneural-0,1091254
pyhpc-isoneural-3,1091560
pyhpc-eos-1,1091682
squeezenet-4,1093568
onnx-roberta-0,1093907
onnx-roberta-3,1095023
squeezenet-1,1095834
pyhpc-eos-3,1098023
onnx-roberta-0,1100010
pyhpc-eos-2,1100109
pyhpc-isoneural-3,1100495
pyhpc-eos-3,1100588
cupy-1,1101307
torch_rnn-3,1102100
torch_rnn-3,1102383
torch_rnn-0,1106210
onnx-roberta-2,1106263
pyhpc-eos-2,1106767
torch_rnn-4,1107633
cupy-0,1109838
pyhpc-isoneural-0,1110097
cupy-2,1111402
pyhpc-eos-2,1111668
pyhpc-isoneural-0,1112200
pyhpc-isoneural-3,1112750
torch_rnn-4,1112757
pyhpc-eos-2,1112915
pyhpc-eos-4,1114510
pyhpc-isoneural-2,1115114
onnx-roberta-4,1115368
onnx-roberta-1,1116159
torch_rnn-4,1116385
pyhpc-isoneural-1,1116704
onnx-roberta-0,1116787
pyhpc-eos-2,1118741
pyhpc-eos-4,1118772
cupy-4,1120371
squeezenet-1,1120421
torch_rnn-3,1120467
squeezenet-2,1121194
pyhpc-eos-2,1121328
squeezenet-2,1121490
squeezenet-1,1121858
torch_rnn-4,1122002
torch_rnn-1,1122835
squeezenet-2,1123065
pyhpc-eos-0,1123285
torch_rnn-1,1123331
pyhpc-isoneural-0,1123927
squeezenet-4,1124176
pyhpc-eos-2,1124533
pyhpc-eos-1,1125229
squeezenet-1,1125946
pyhpc-eos-1,1126017
torch_rnn-3,1126224
pyhpc-isoneural-0,1126606
cupy-0,1127006
cupy-1,1127408
pyhpc-eos-4,1128871
pyhpc-eos-2,1128918
cupy-4,1129052
torch_rnn-1,1129285
squeezenet-1,1129588
onnx-roberta-4,1129877
pyhpc-eos-2,1129888
pyhpc-eos-4,1131732
squeezenet-1,1132746
torch_rnn-3,1133334
pyhpc-eos-0,1135624
pyhpc-eos-4,1136044
pyhpc-eos-1,1138794
onnx-roberta-4,1138830
pyhpc-eos-3,1139461
pyhpc-eos-2,1139540
pyhpc-isoneural-1,1140504
pyhpc-isoneural-1,1140575
torch_rnn-3,1141431
pyhpc-eos-3,1141688
squeezenet-1,1142217
pyhpc-isoneural-1,1142359
torch_rnn-1,1142389
onnx-roberta-1,1142478
torch_rnn-3,1143313
pyhpc-eos-2,1144459
squeezenet-2,1145203
cupy-4,1145295
onnx-roberta-2,1147434
cupy-1,1149011
pyhpc-eos-0,1150452
pyhpc-eos-3,1152574
onnx-roberta-2,1152976
cupy-0,1156271
cupy-4,1156722
pyhpc-isoneural-0,1157048
torch_rnn-4,1158381
onnx-roberta-4,1160059
cupy-0,1160343
squeezenet-2,1160948
onnx-roberta-0,1161469
pyhpc-isoneural-1,1161640
pyhpc-eos-0,1161784
onnx-roberta-0,1162065
cupy-1,1162392
onnx-roberta-2,1162748
torch_rnn-1,1162865
torch_rnn-4,1163931
torch_rnn-1,1166216
pyhpc-eos-0,1166234
pyhpc-eos-0,1166312
pyhpc-eos-4,1166891
squeezenet-1,1167608
cupy-0,1167761
pyhpc-eos-1,1167844
onnx-roberta-4,1168260
torch_rnn-3,1168271
onnx-roberta-4,1168474
pyhpc-isoneural-1,1168936
cupy-1,1169301
onnx-roberta-3,1170079
pyhpc-isoneural-1,1170742
pyhpc-isoneural-3,1171293
torch_rnn-3,1172591
squeezenet-2,1172635
onnx-roberta-4,1173750
pyhpc-eos-4,1173805
squeezenet-2,1174102
onnx-roberta-0,1175199
pyhpc-eos-0,1175391
onnx-roberta-4,1177279
onnx-roberta-4,1177734
pyhpc-isoneural-1,1177827
onnx-roberta-0,1177926
squeezenet-2,1178163
pyhpc-eos-3,1178381
torch_rnn-1,1178924
squeezenet-1,1179475
pyhpc-isoneural-3,1181270
squeezenet-1,1182586
onnx-roberta-0,1182885
pyhpc-eos-3,1182901
cupy-2,1184989
onnx-roberta-0,1188395
torch_rnn-1,1188944
cupy-1,1189431
torch_rnn-1,1189442
cupy-1,1189583
pyhpc-eos-1,1190200
pyhpc-eos-0,1190325
pyhpc-eos-3,1190337
onnx-roberta-2,1190850
squeezenet-2,1191253
pyhpc-isoneural-1,1191513
onnx-roberta-3,1191959
torch_rnn-3,1192443
pyhpc-eos-1,1192661
onnx-roberta-2,1194207
pyhpc-isoneural-3,1194317
torch_rnn-3,1195066
pyhpc-eos-1,1195072
pyhpc-eos-0,1195099
pyhpc-isoneural-3,1196017
pyhpc-isoneural-1,1196899
pyhpc-isoneural-3,1196969
cupy-2,1198349
pyhpc-eos-4,1198368
pyhpc-isoneural-3,1198582
cupy-0,1198679
pyhpc-isoneural-1,1199816
pyhpc-eos-2,1200054
pyhpc-isoneural-1,1200311
cupy-2,1200549
pyhpc-isoneural-2,1202323
onnx-roberta-4,1203485
pyhpc-isoneural-0,1203598
pyhpc-isoneural-2,1204306
cupy-0,1204655
pyhpc-eos-2,1205572
pyhpc-eos-2,1205707
pyhpc-isoneural-1,1205902
cupy-4,1207212
torch_rnn-2,1207661
pyhpc-eos-4,1208010
onnx-roberta-0,1208141
torch_rnn-1,1209185
pyhpc-eos-2,1209363
squeezenet-1,1209460
onnx-roberta-1,1210423
torch_rnn-4,1211215
pyhpc-isoneural-1,1211945
torch_rnn-3,1212485
pyhpc-eos-0,1213773
onnx-roberta-1,1214077
cupy-2,1216064
pyhpc-isoneural-2,1216260
pyhpc-eos-2,1216331
squeezenet-1,1216977
pyhpc-isoneural-1,1217448
onnx-roberta-3,1219130
onnx-roberta-1,1219985
onnx-roberta-1,1220903
pyhpc-eos-0,1221437
pyhpc-isoneural-1,1221937
pyhpc-isoneural-3,1223810
pyhpc-isoneural-3,1226825
pyhpc-eos-1,1227004
torch_rnn-3,1227181
pyhpc-eos-0,1230614
cupy-4,1231002
onnx-roberta-3,1231785
squeezenet-1,1231986
squeezenet-0,1232281
onnx-roberta-2,1235385
pyhpc-eos-2,1235638
onnx-roberta-1,1238293
onnx-roberta-3,1239113
onnx-roberta-3,1239429
cupy-1,1239549
onnx-roberta-2,1240164
pyhpc-isoneural-0,1240382
onnx-roberta-0,1240390
pyhpc-eos-3,1241194
squeezenet-0,1241544
pyhpc-eos-4,1241559
squeezenet-1,1242696
pyhpc-isoneural-0,1243454
onnx-roberta-3,1243527
cupy-2,1243863
pyhpc-isoneural-1,1244662
onnx-roberta-0,1245014
pyhpc-eos-0,1247620
cupy-4,1248612
cupy-1,1248677
pyhpc-eos-3,1248996
cupy-2,1250939
cupy-1,1251558
pyhpc-isoneural-3,1252822
cupy-1,1252944
onnx-roberta-4,1252988
torch_rnn-4,1253670
onnx-roberta-1,1253697
squeezenet-2,1253972
onnx-roberta-4,1254225
cupy-4,1254382
onnx-roberta-4,1254691
torch_rnn-0,1254718
cupy-0,1256249
torch_rnn-0,1256501
cupy-4,1257615
pyhpc-isoneural-2,1258399
cupy-1,1258517
pyhpc-eos-1,1258724
pyhpc-isoneural-2,1258967
pyhpc-isoneural-3,1260424
cupy-4,1260831
onnx-roberta-4,1261963
squeezenet-1,1262140
onnx-roberta-4,1262315
torch_rnn-0,1262533
torch_rnn-3,1262738
onnx-roberta-4,1262890
cupy-4,1264270
cupy-2,1264277
pyhpc-isoneural-3,1264761
cupy-2,1266161
onnx-roberta-2,1268853
pyhpc-eos-3,1269300
onnx-roberta-2,1270850
onnx-roberta-1,1273128
squeezenet-0,1273390
pyhpc-isoneural-2,1273715
torch_rnn-4,1274004
pyhpc-isoneural-0,1275762
onnx-roberta-3,1276107
pyhpc-isoneural-3,1276807
pyhpc-eos-4,1277971
pyhpc-isoneural-3,1279301
onnx-roberta-2,1280052
cupy-2,1281016
onnx-roberta-1,1281352
pyhpc-eos-2,1284155
squeezenet-0,1284434
pyhpc-isoneural-3,1284822
onnx-roberta-1,1286136
torch_rnn-0,1286233
onnx-roberta-0,1287062
cupy-1,1289352
cupy-4,1289696
pyhpc-isoneural-3,1289753
squeezenet-0,1290482
onnx-roberta-2,1293388
onnx-roberta-0,1294104
squeezenet-4,1294317
onnx-roberta-1,1296869
squeezenet-1,1296949
onnx-roberta-2,1298326
pyhpc-eos-3,1298381
torch_rnn-1,1298460
cupy-4,1303302
onnx-roberta-3,1304197
torch_rnn-4,1304618
onnx-roberta-4,1304782
pyhpc-eos-3,1305186
squeezenet-2,1305448
pyhpc-eos-1,1305706
squeezenet-2,1306654
onnx-roberta-4,1308355
squeezenet-2,1308632
cupy-2,1308740
pyhpc-eos-0,1309802
squeezenet-1,1311795
onnx-roberta-2,1313857
onnx-roberta-0,1314273
torch_rnn-3,1315308
pyhpc-eos-2,1316015
cupy-2,1317211
onnx-roberta-2,1319513
cupy-4,1319671
torch_rnn-1,1321610
torch_rnn-4,1321665
cupy-2,1322932
pyhpc-eos-0,1323074
onnx-roberta-4,1324511
pyhpc-isoneural-4,1325324
onnx-roberta-2,1326006
onnx-roberta-1,1326086
onnx-roberta-4,1326999
pyhpc-eos-2,1327563
cupy-4,1328882
cupy-0,1329387
pyhpc-isoneural-1,1331109
squeezenet-1,1331479
pyhpc-isoneural-0,1331614
onnx-roberta-2,1331647
pyhpc-eos-1,1333374
cupy-2,1333528
pyhpc-isoneural-2,1334326
onnx-roberta-2,1335007
pyhpc-isoneural-1,1335778
pyhpc-eos-0,1336243
squeezenet-0,1336975
squeezenet-1,1337452
squeezenet-0,1337691
squeezenet-4,1338513
onnx-roberta-1,1338551
squeezenet-4,1338686
pyhpc-eos-1,1339131
pyhpc-eos-4,1339512
squeezenet-0,1340383
squeezenet-1,1340649
squeezenet-0,1342187
torch_rnn-1,1342419
pyhpc-isoneural-3,1342479
pyhpc-eos-1,1342512
pyhpc-eos-1,1342602
squeezenet-4,1342677
torch_rnn-1,1343306
onnx-roberta-0,1343351
cupy-4,1343600
squeezenet-0,1343709
squeezenet-0,1344701
torch_rnn-4,1345136
torch_rnn-1,1346131
pyhpc-eos-2,1346451
pyhpc-eos-4,1346487
squeezenet-1,1347294
pyhpc-isoneural-3,1349210
torch_rnn-0,1350338
squeezenet-1,1350993
pyhpc-eos-4,1354321
pyhpc-isoneural-0,1355211
onnx-roberta-3,1356228
pyhpc-eos-2,1356351
pyhpc-isoneural-0,1356456
pyhpc-eos-0,1356590
onnx-roberta-2,1357514
cupy-0,1357592
cupy-2,1357840
onnx-roberta-1,1357964
onnx-roberta-1,1358641
pyhpc-eos-1,1358658
onnx-roberta-4,1360104
pyhpc-eos-2,1360373
onnx-roberta-4,1361307
onnx-roberta-1,1362146
onnx-roberta-2,1362321
cupy-1,1362325
pyhpc-isoneural-1,1364398
onnx-roberta-2,1364984
cupy-4,1365570
pyhpc-eos-4,1366066
torch_rnn-0,1366425
onnx-roberta-2,1367535
onnx-roberta-2,1369393
onnx-roberta-4,1369632
cupy-0,1369691
pyhpc-eos-1,1369732
squeezenet-0,1370411
cupy-4,1371347
onnx-roberta-3,1372040
onnx-roberta-1,1372644
squeezenet-0,1372992
onnx-roberta-1,1373128
torch_rnn-0,1373435
onnx-roberta-2,1374319
pyhpc-eos-0,1374519
onnx-roberta-3,1375596
onnx-roberta-1,1376002
squeezenet-1,1377623
torch_rnn-4,1377834
squeezenet-0,1377971
squeezenet-1,1378735
cupy-1,1379579
torch_rnn-2,1380269
cupy-4,1381097
pyhpc-isoneural-2,1381683
onnx-roberta-4,1383507
cupy-2,1383668
squeezenet-0,1384114
pyhpc-eos-3,1387104
pyhpc-eos-0,1387297
pyhpc-isoneural-3,1387762
pyhpc-isoneural-0,1388128
squeezenet-2,1388879
pyhpc-eos-1,1388889
onnx-roberta-2,1389345
cupy-0,1389408
pyhpc-isoneural-0,1390300
pyhpc-isoneural-0,1391211
squeezenet-1,1391370
onnx-roberta-1,1391553
cupy-0,1391996
squeezenet-0,1392401
onnx-roberta-0,1393332
pyhpc-eos-3,1393520
onnx-roberta-4,1393966
pyhpc-eos-4,1394265
squeezenet-4,1394654
onnx-roberta-0,1396805
onnx-roberta-3,1397475
pyhpc-eos-2,1397501
pyhpc-eos-1,1398481
pyhpc-isoneural-3,1399177
pyhpc-isoneural-3,1399707
pyhpc-eos-0,1400539
pyhpc-isoneural-3,1401492
pyhpc-isoneural-1,1402055
pyhpc-eos-0,1403233
onnx-roberta-0,1403754
torch_rnn-4,1403759
onnx-roberta-1,1403885
cupy-0,1403993
squeezenet-0,1404246
pyhpc-isoneural-1,1405883
squeezenet-4,1406167
torch_rnn-4,1407921
pyhpc-isoneural-2,1409410
onnx-roberta-4,1409680
onnx-roberta-2,1411345
torch_rnn-4,1413188
onnx-roberta-1,1416551
pyhpc-isoneural-1,1417403
pyhpc-isoneural-0,1417420
pyhpc-eos-1,1417597
squeezenet-0,1418011
torch_rnn-4,1418409
torch_rnn-3,1418463
cupy-4,1418716
pyhpc-isoneural-2,1421080
pyhpc-eos-1,1421747
squeezenet-0,1422393
torch_rnn-2,1423845
torch_rnn-2,1423970
cupy-0,1424204
pyhpc-isoneural-3,1425210
cupy-0,1425865
onnx-roberta-4,1426171
pyhpc-eos-0,1426439
pyhpc-isoneural-3,1427189
torch_rnn-0,1427192
pyhpc-eos-0,1427621
onnx-roberta-4,1429689
squeezenet-2,1431721
cupy-4,1433405
onnx-roberta-1,1434136
torch_rnn-0,1434673
squeezenet-0,1435492
onnx-roberta-3,1435800
cupy-2,1436722
pyhpc-eos-0,1436789
pyhpc-isoneural-3,1437221
squeezenet-0,1438514
pyhpc-eos-2,1439456
pyhpc-eos-4,1441022
onnx-roberta-2,1441055
torch_rnn-0,1441523
pyhpc-eos-1,1442427
pyhpc-eos-3,1443128
pyhpc-eos-3,1443363
cupy-2,1443523
cupy-2,1443801
squeezenet-2,1444001
pyhpc-eos-1,1444144
squeezenet-1,1444433
torch_rnn-4,1444524
torch_rnn-3,1445749
pyhpc-eos-1,1445998
onnx-roberta-0,1446376
pyhpc-eos-2,1446956
onnx-roberta-2,1447380
pyhpc-eos-0,1447455
squeezenet-2,1447489
onnx-roberta-1,1448104
cupy-1,1448163
pyhpc-eos-3,1448705
torch_rnn-4,1449424
onnx-roberta-2,1452071
onnx-roberta-0,1452355
cupy-1,1452566
pyhpc-eos-2,1453558
squeezenet-4,1453951
pyhpc-isoneural-3,1455212
cupy-4,1455541
onnx-roberta-2,1456114
pyhpc-eos-0,1457562
pyhpc-isoneural-3,1457586
onnx-roberta-3,1457819
torch_rnn-0,1458039
cupy-0,1458417
pyhpc-eos-3,1458632
onnx-roberta-0,1458814
torch_rnn-0,1458934
pyhpc-isoneural-3,1459773
pyhpc-eos-1,1459840
cupy-0,1460602
cupy-2,1461630
pyhpc-isoneural-1,1461680
pyhpc-isoneural-1,1461752
pyhpc-eos-1,1462669
squeezenet-2,1463321
squeezenet-4,1463867
onnx-roberta-1,1465748
cupy-4,1465816
onnx-roberta-4,1466713
pyhpc-eos-2,1467227
pyhpc-isoneural-3,1468976
onnx-roberta-4,1469593
onnx-roberta-2,1469762
cupy-1,1470349
pyhpc-eos-1,1471147
torch_rnn-0,1471223
pyhpc-isoneural-4,1472060
pyhpc-isoneural-2,1472099
onnx-roberta-1,1473294
pyhpc-isoneural-3,1473597
pyhpc-eos-0,1474015
pyhpc-isoneural-0,1474477
pyhpc-eos-2,1474551
pyhpc-eos-2,1475409
torch_rnn-3,1476449
cupy-4,1478521
cupy-4,1478638
onnx-roberta-1,1479730
torch_rnn-4,1481450
pyhpc-eos-0,1481643
cupy-4,1481702
pyhpc-isoneural-0,1481726
onnx-roberta-2,1481923
onnx-roberta-3,1484650
cupy-0,1484760
onnx-roberta-1,1484776
squeezenet-0,1485022
pyhpc-eos-2,1487970
squeezenet-2,1488302
squeezenet-2,1488950
cupy-2,1490259
pyhpc-isoneural-2,1491192
onnx-roberta-1,1492939
onnx-roberta-4,1493800
pyhpc-eos-1,1494871
onnx-roberta-4,1495030
squeezenet-1,1495058
cupy-0,1495375
pyhpc-eos-2,1496595
squeezenet-2,1497232
pyhpc-isoneural-1,1497293
pyhpc-eos-0,1498121
squeezenet-1,1499513
pyhpc-isoneural-1,1499844
onnx-roberta-3,1502031
onnx-roberta-2,1502042
cupy-4,1502198
cupy-4,1502594
pyhpc-eos-3,1502599
cupy-2,1502719
torch_rnn-4,1503011
onnx-roberta-2,1503349
torch_rnn-4,1504492
pyhpc-eos-1,1505813
onnx-roberta-0,1507044
squeezenet-2,1507174
pyhpc-eos-0,1507210
cupy-2,1508700
onnx-roberta-1,1509232
cupy-1,1510687
squeezenet-1,1512035
cupy-0,1512090
torch_rnn-0,1512979
pyhpc-eos-4,1515514
pyhpc-eos-3,1516399
onnx-roberta-0,1516693
pyhpc-eos-3,1517429
pyhpc-isoneural-0,1517521
onnx-roberta-0,1517646
pyhpc-eos-3,1518194
torch_rnn-3,1519488
cupy-1,1521185
pyhpc-isoneural-0,1522461
cupy-2,1522914
squeezenet-2,1523704
onnx-roberta-0,1527859
onnx-roberta-2,1528499
pyhpc-eos-3,1529912
pyhpc-isoneural-1,1530091
onnx-roberta-1,1532359
onnx-roberta-4,1533871
squeezenet-0,1537169
onnx-roberta-1,1537341
cupy-0,1537925
torch_rnn-4,1538330
pyhpc-eos-4,1538903
squeezenet-2,1539102
onnx-roberta-3,1540540
squeezenet-0,1540621
squeezenet-1,1541834
onnx-roberta-3,1542170
onnx-roberta-1,1542844
cupy-0,1543930
onnx-roberta-1,1543936
pyhpc-eos-2,1544651
pyhpc-eos-0,1545367
cupy-1,1545672
cupy-0,1546047
pyhpc-isoneural-3,1546350
squeezenet-4,1548143
onnx-roberta-1,1551854
pyhpc-isoneural-3,1551930
onnx-roberta-0,1552446
onnx-roberta-1,1553369
cupy-2,1553478
torch_rnn-1,1554626
squeezenet-1,1554763
pyhpc-isoneural-3,1554971
pyhpc-isoneural-3,1555756
squeezenet-1,1557414
pyhpc-eos-1,1560226
pyhpc-eos-3,1560703
pyhpc-eos-1,1561820
squeezenet-1,1562915
onnx-roberta-4,1563972
pyhpc-isoneural-4,1564310
cupy-1,1564954
squeezenet-1,1566105
pyhpc-eos-3,1566742
torch_rnn-0,1567180
squeezenet-0,1567384
onnx-roberta-4,1567783
pyhpc-eos-2,1573425
squeezenet-0,1575508
cupy-4,1575806
squeezenet-2,1576065
pyhpc-eos-4,1576722
onnx-roberta-2,1576798
cupy-4,1576960
onnx-roberta-2,1577086
cupy-4,1577681
onnx-roberta-1,1578393
squeezenet-1,1579978
cupy-4,1580021
torch_rnn-3,1580121
torch_rnn-4,1581160
squeezenet-2,1581714
cupy-4,1582278
onnx-roberta-4,1582428
squeezenet-0,1584388
cupy-1,1584855
pyhpc-isoneural-0,1585094
onnx-roberta-2,1585579
onnx-roberta-0,1586189
onnx-roberta-2,1586375
squeezenet-2,1586376
pyhpc-isoneural-1,1588248
squeezenet-4,1588554
pyhpc-isoneural-3,1589719
cupy-4,1591498
squeezenet-1,1592394
pyhpc-eos-0,1592660
onnx-roberta-3,1593007
onnx-roberta-1,1593279
pyhpc-eos-0,1593504
onnx-roberta-1,1593710
pyhpc-isoneural-3,1595028
cupy-0,1595083
squeezenet-4,1595333
onnx-roberta-0,1598059
onnx-roberta-3,1598845
cupy-1,1599487
onnx-roberta-4,1601112
onnx-roberta-1,1602045
cupy-1,1602833
cupy-0,1603040
onnx-roberta-1,1604375
torch_rnn-2,1606556
pyhpc-eos-4,1608079
onnx-roberta-1,1608137
pyhpc-eos-3,1608162
cupy-2,1608778
onnx-roberta-4,1609572
torch_rnn-3,1609730
onnx-roberta-3,1610640
pyhpc-eos-2,1612771
onnx-roberta-1,1613593
onnx-roberta-0,1618653
pyhpc-isoneural-1,1619911
pyhpc-eos-4,1620182
onnx-roberta-2,1620257
pyhpc-isoneural-1,1621523
pyhpc-eos-1,1624317
onnx-roberta-3,1624719
cupy-2,1624952
pyhpc-isoneural-3,1625718
pyhpc-isoneural-3,1625844
squeezenet-2,1627510
onnx-roberta-3,1627699
cupy-2,1627923
squeezenet-1,1628446
pyhpc-isoneural-0,1628618
pyhpc-eos-0,1628942
onnx-roberta-3,1629987
cupy-1,1630292
onnx-roberta-4,1630965
onnx-roberta-0,1631365
torch_rnn-2,1631695
pyhpc-eos-4,1632636
cupy-4,1632726
onnx-roberta-4,1632924
torch_rnn-3,1634221
torch_rnn-2,1634639
squeezenet-2,1635349
pyhpc-eos-1,1635776
torch_rnn-2,1635807
torch_rnn-2,1636335
cupy-0,1636981
onnx-roberta-0,1637158
pyhpc-eos-1,1637506
pyhpc-eos-0,1639199
onnx-roberta-2,1639631
onnx-roberta-1,1641256
cupy-4,1641912
squeezenet-4,1643536
pyhpc-isoneural-2,1645186
onnx-roberta-1,1645417
torch_rnn-4,1645742
onnx-roberta-0,1646671
squeezenet-2,1648098
pyhpc-isoneural-2,1648420
pyhpc-eos-4,1649477
pyhpc-eos-2,1650709
onnx-roberta-3,1651339
cupy-2,1651387
onnx-roberta-4,1651502
onnx-roberta-1,1651531
torch_rnn-1,1651807
cupy-0,1653837
onnx-roberta-4,1656476
pyhpc-eos-2,1657616
squeezenet-0,1659320
onnx-roberta-2,1659678
torch_rnn-0,1661123
onnx-roberta-3,1661348
onnx-roberta-2,1661372
pyhpc-eos-1,1662199
torch_rnn-3,1663395
torch_rnn-4,1663404
torch_rnn-4,1663987
pyhpc-eos-1,1664639
onnx-roberta-1,1665826
pyhpc-isoneural-0,1666054
onnx-roberta-1,1666286
cupy-1,1667708
squeezenet-4,1668737
pyhpc-eos-2,1668819
cupy-1,1669833
cupy-2,1669922
pyhpc-eos-2,1670462
torch_rnn-4,1672681
pyhpc-eos-2,1674292
pyhpc-eos-0,1674449
onnx-roberta-3,1674909
pyhpc-eos-4,1675266
onnx-roberta-4,1675308
cupy-1,1675916
torch_rnn-3,1676681
torch_rnn-4,1677877
pyhpc-isoneural-1,1679163
pyhpc-isoneural-1,1681499
cupy-4,1681581
pyhpc-isoneural-4,1682327
pyhpc-isoneural-0,1682436
squeezenet-4,1682564
onnx-roberta-0,1682849
onnx-roberta-2,1684033
cupy-0,1684162
torch_rnn-4,1685353
pyhpc-isoneural-1,1685400
onnx-roberta-4,1685409
pyhpc-isoneural-0,1685680
squeezenet-2,1685874
pyhpc-isoneural-0,1686153
cupy-0,1686249
cupy-1,1687059
squeezenet-4,1687378
torch_rnn-1,1687562
pyhpc-isoneural-3,1687817
cupy-2,1688205
onnx-roberta-0,1688253
torch_rnn-1,1688819
squeezenet-2,1688971
onnx-roberta-3,1689622
onnx-roberta-1,1689982
pyhpc-eos-0,1690163
torch_rnn-3,1690318
cupy-1,1691256
torch_rnn-4,1694181
pyhpc-isoneural-3,1694313
squeezenet-2,1695219
cupy-1,1696537
onnx-roberta-1,1699556
pyhpc-eos-3,1699727
onnx-roberta-3,1699939
pyhpc-eos-1,1700669
squeezenet-0,1701072
pyhpc-eos-4,1701223
pyhpc-eos-2,1701520
squeezenet-2,1703930
pyhpc-isoneural-2,1704394
onnx-roberta-1,1704948
cupy-0,1708172
pyhpc-eos-0,1709802
onnx-roberta-4,1709953
squeezenet-0,1710608
squeezenet-2,1712168
pyhpc-isoneural-4,1712483
cupy-2,1713760
onnx-roberta-2,1714689
squeezenet-0,1714853
squeezenet-0,1715346
onnx-roberta-2,1716957
onnx-roberta-0,1718947
torch_rnn-3,1719842
torch_rnn-4,1721037
squeezenet-1,1721963
cupy-0,1721982
pyhpc-eos-0,1722260
onnx-roberta-4,1722906
onnx-roberta-3,1723192
pyhpc-isoneural-3,1723369
cupy-1,1724577
cupy-1,1725469
cupy-0,1726781
squeezenet-2,1727115
squeezenet-4,1727382
squeezenet-1,1728080
pyhpc-eos-1,1728545
squeezenet-1,1730937
pyhpc-eos-3,1731440
pyhpc-isoneural-2,1731874
cupy-2,1731915
onnx-roberta-2,1732003
squeezenet-1,1732548
pyhpc-eos-1,1732550
squeezenet-0,1732593
torch_rnn-1,1732779
pyhpc-isoneural-1,1735901
pyhpc-isoneural-1,1736584
pyhpc-eos-0,1736958
cupy-0,1737121
pyhpc-isoneural-3,1737535
onnx-roberta-1,1737546
pyhpc-eos-3,1739633
onnx-roberta-1,1740812
squeezenet-1,1742338
pyhpc-eos-3,1742396
pyhpc-isoneural-2,1743023
torch_rnn-4,1743093
squeezenet-2,1743542
squeezenet-2,1743939
squeezenet-0,1744293
pyhpc-eos-1,1744497
onnx-roberta-3,1744843
onnx-roberta-1,1745102
onnx-roberta-4,1745812
squeezenet-0,1746493
squeezenet-1,1746803
pyhpc-isoneural-0,1746881
onnx-roberta-1,1747395
onnx-roberta-4,1747594
pyhpc-eos-1,1748433
cupy-4,1749586
pyhpc-isoneural-0,1750247
cupy-1,1750372
pyhpc-eos-1,1751419
pyhpc-isoneural-3,1752456
pyhpc-isoneural-0,1752891
pyhpc-isoneural-1,1752915
squeezenet-0,1753103
squeezenet-1,1753316
onnx-roberta-4,1754745
pyhpc-isoneural-2,1754990
torch_rnn-4,1755649
onnx-roberta-3,1755704
torch_rnn-0,1755985
pyhpc-eos-3,1756906
onnx-roberta-2,1756964
torch_rnn-4,1756975
cupy-4,1757860
pyhpc-eos-1,1758242
pyhpc-eos-4,1759028
squeezenet-0,1760215
squeezenet-1,1761053
onnx-roberta-4,1761550
pyhpc-eos-1,1761642
pyhpc-eos-3,1762918
torch_rnn-3,1762958
cupy-4,1764835
pyhpc-eos-4,1766691
squeezenet-1,1766725
pyhpc-eos-1,1766988
squeezenet-0,1767491
pyhpc-isoneural-1,1767572
onnx-roberta-0,1767897
cupy-4,1769152
pyhpc-eos-2,1769797
pyhpc-eos-1,1770514
cupy-1,1771067
cupy-4,1771379
squeezenet-2,1771435
torch_rnn-4,1771736
onnx-roberta-3,1771768
onnx-roberta-3,1772281
pyhpc-eos-2,1772614
squeezenet-1,1772891
pyhpc-isoneural-1,1773192
onnx-roberta-0,1774185
torch_rnn-2,1775757
cupy-0,1775904
onnx-roberta-1,1776073
onnx-roberta-3,1776763
squeezenet-2,1777095
onnx-roberta-4,1777770
onnx-roberta-0,1777885
onnx-roberta-2,1779746
onnx-roberta-2,1780482
torch_rnn-1,1782647
pyhpc-isoneural-3,1782967
onnx-roberta-3,1783000
onnx-roberta-4,1783421
pyhpc-eos-3,1783456
onnx-roberta-3,1783675
cupy-0,1784005
pyhpc-eos-1,1784065
onnx-roberta-1,1784110
onnx-roberta-4,1785120
pyhpc-eos-3,1785507
pyhpc-eos-1,1785625
onnx-roberta-0,1785823
onnx-roberta-4,1786406
squeezenet-4,1787587
pyhpc-eos-0,1788427
pyhpc-eos-1,1790338
pyhpc-eos-2,1790555
cupy-0,1791765
torch_rnn-1,1792307
cupy-4,1794570
squeezenet-0,1794891
cupy-4,1794901
cupy-2,1794979
onnx-roberta-0,1795238
squeezenet-2,1797170
torch_rnn-0,1797652
cupy-2,1797979
squeezenet-4,1798501
pyhpc-eos-0,1798687
pyhpc-isoneural-2,1798857
cupy-4,1799060
pyhpc-eos-3,1799232
